{"cameraMode":{"drawMode":0,"name":"Shaded","section":"Shading Mode"},"sceneLighting":false,"audioPlay":false,"sceneViewState":{"showFog":true,"showMaterialUpdate":false,"showSkybox":true,"showFlares":true,"showImageEffects":true,"showParticleSystems":true},"in2DMode":false,"pivot":{"x":-8.25,"y":0.10999999940395355,"z":2.5799999237060549},"rotation":{"x":0.20321765542030335,"y":-0.2452051341533661,"z":0.05264819785952568,"w":0.9464699029922485},"size":1.3542364835739136,"orthographic":true}