{"cameraMode":{"drawMode":0,"name":"Shaded","section":"Shading Mode"},"sceneLighting":false,"audioPlay":false,"sceneViewState":{"showFog":true,"showMaterialUpdate":false,"showSkybox":true,"showFlares":true,"showImageEffects":true,"showParticleSystems":true},"in2DMode":false,"pivot":{"x":-161.37289428710938,"y":-2.525390625,"z":2.013916015625},"rotation":{"x":-0.4725290834903717,"y":-0.04622965678572655,"z":0.024830689653754236,"w":-0.879751443862915},"size":2.7016239166259767,"orthographic":true}