{"cameraMode":{"drawMode":0,"name":"Shaded","section":"Shading Mode"},"sceneLighting":false,"audioPlay":false,"sceneViewState":{"showFog":true,"showMaterialUpdate":false,"showSkybox":true,"showFlares":true,"showImageEffects":true,"showParticleSystems":true},"in2DMode":false,"pivot":{"x":0.426025390625,"y":0.545440673828125,"z":-1.4365234375},"rotation":{"x":0.3328157663345337,"y":0.343315452337265,"z":-0.1315833032131195,"w":0.8683629035949707},"size":3.921299695968628,"orthographic":true}